{
 "B_repro": {
  "mean": 4.5,
  "sd": 0.9219544457292888,
  "accs": [
   7,
   5,
   5,
   5,
   5,
   4,
   4,
   2,
   4,
   4,
   5,
   4,
   4,
   5,
   5,
   4,
   4,
   5,
   4,
   5
  ]
 },
 "C_composed": {
  "mean": 2.8,
  "sd": 1.6911534525287764,
  "accs": [
   0,
   4,
   3,
   3,
   0,
   2,
   4,
   1,
   1,
   4,
   4,
   4,
   4,
   4,
   3,
   4,
   1,
   6,
   4,
   0
  ]
 },
 "C_replace": {
  "mean": 0.45,
  "sd": 1.3592277219068185,
  "accs": [
   0,
   0,
   0,
   0,
   0,
   0,
   0,
   0,
   0,
   4,
   0,
   5,
   0,
   0,
   0,
   0,
   0,
   0,
   0,
   0
  ]
 },
 "C_prefer_only": {
  "mean": 4.75,
  "sd": 1.4097872179871684,
  "accs": [
   9,
   6,
   7,
   5,
   5,
   4,
   4,
   2,
   4,
   4,
   6,
   4,
   4,
   5,
   5,
   4,
   4,
   4,
   4,
   5
  ]
 },
 "C_mult_only": {
  "mean": 2.7,
  "sd": 1.5524174696260022,
  "accs": [
   0,
   4,
   3,
   3,
   0,
   2,
   4,
   1,
   1,
   4,
   4,
   4,
   4,
   4,
   3,
   4,
   1,
   4,
   4,
   0
  ]
 }
}