code_id,n,freq,mean_return,median_return,mean_vix,mean_regime_p1
0,0,0.0,,,,
1,0,0.0,,,,
2,0,0.0,,,,
3,114,0.4175824175824176,-0.00039896004276924416,-0.00023822447499866062,1.746766599123938,-1.2485349293340717
4,0,0.0,,,,
5,34,0.12454212454212454,-0.0013565596147585438,-0.00027823435742613256,0.6605084222905776,-1.2443177314365612
6,125,0.45787545787545786,0.0008996952613245508,0.0006770383475127595,0.8644952240884304,-1.2167978918552398
7,0,0.0,,,,
